{"cameraMode":{"drawMode":0,"name":"Shaded","section":"Shading Mode"},"sceneLighting":true,"audioPlay":false,"sceneViewState":{"m_AlwaysRefresh":false,"showFog":true,"showSkybox":true,"showFlares":true,"showImageEffects":true,"showParticleSystems":true,"showVisualEffectGraphs":true,"m_FxEnabled":true},"in2DMode":false,"pivot":{"x":-20.596338272094728,"y":0.7973108291625977,"z":-28.182167053222658},"rotation":{"x":-0.004254807252436876,"y":0.9957906603813171,"z":-0.07521440833806992,"w":-0.05401337146759033},"size":3.2547290325164797,"orthographic":false}