{"cameraMode":{"drawMode":0,"name":"Shaded","section":"Shading Mode"},"sceneLighting":false,"audioPlay":false,"sceneViewState":{"m_AlwaysRefresh":false,"showFog":true,"showSkybox":true,"showFlares":true,"showImageEffects":true,"showParticleSystems":true,"showVisualEffectGraphs":true,"m_FxEnabled":true},"in2DMode":false,"pivot":{"x":-24.888750076293947,"y":1.4799997806549073,"z":-22.130020141601564},"rotation":{"x":-0.03480193018913269,"y":0.00709277531132102,"z":-0.00024589610984548926,"w":-0.9993771314620972},"size":12.12435531616211,"orthographic":false}